region,security,field,area,sphere,mission,country
streaming,rain cats and dogs,swarm,teem,playing,organizing,promising
firms,parties,houses,steadiness,devices,companies,robots
grade,class,motivation,of course,trend,platform,idea
implementations,execution,effectuation,carrying out,settings,programs,things
conceptions,innovations,designs,sensors,trends,improvements,inventions
center,heart,midway,halfway,valley,part,guest
customers,nodes,clients,guests,things,users,people
project,poem,language,word,phone,lyric
area,green,parking lot,digital,different,potential,park
goal,stop,finish,cease,rival,game,tournament
eighth,one-eighth,octonary,octet,playing,quickest,gaming
consequence,impression,result,result,game,outcome,business
champion,leading,wizard,sensation,winner,newspaper,game
youth,early days,young person,youthfulness,league,place,kids
international,external,extraneous,british,political,outside,professional
online,behaviour,contrast,describe,newspaper,web,experience
exemption,granting,immunity,freedom,argument,medieval,architect
force,energy,button,fight,collection,resource,power
questions,interviews,behaviours,doubts,preferences,people,scandals
stop,finish,cease,many,ending,taking,new
lark,frolic,run around,cavort,remember,film,architect
marriage,married couple,man and wife,pair,luxury,combination,actor
misconceptions,misconception,realize,empathize,ideas,preferences,thinkings
airport,aerodrome,drome,air,scenary,million,eastern