region,security,mission,country
streaming,playing,organizing,promising
firms,devices,companies,robots
trend,motivation,platform,idea
implementations,settings,things,programs
innovations,sensors,trends,improvements
center,valley,part,guest
customers,things,users,people
language,project,word,phone
green,digital,different,potential
goal,rival,game,tournament
eighth,playing,quickest,gaming
outcome,result,game,business
champion,winner,newspaper,game
youth,league,place,kids
international,british,political,professional
online,newspaper,web,experience
freedom,argument,medieval,architect
force,collection,resource,power
questions,preferences,people,scandals
ending,taking,new,many
lark,remember,film,architect
marriage,luxury,combination,actor
misconceptions,ideas,preferences,thinkings
airport,scenary,million,eastern
ferns,flights,tours,decorations
square,weather,park,eastern
passengers,tourists,celebrations,adventures
domestic,close,former,future
weekend,week,holiday,trend
kilometers,flights,belongings,years
acquisition,investment,growth,subsidiary
seekers,investment,players,analysts
investment,world,economist,economy
properties,months,minutes,affiliates
history,country,growth,property
profit,income,performance,economy
numbers,companies,investors,times
meeting,government,express,gathering
vision,dream,extremist,drawing
criminal,terrorist,arrestment,young
achievements,services,attacks,terrorists
alternative,government,security,statement
poverty,express,assault,year
inequality,statement,government,state
infected,hit,worked,infecting
virus,happiness,headache,difficulty
resources,calories,issues,symptoms
assistance,world,twice,holiday
memories,calories,issues,stories